file,nmi,pk,pk_rdm,wd,wd_rdm
corpora/manifesto_pp/61320_199211_pp_wostw.txt,0.5835794323608345,0.2606209150326797385620915033,0.5776143790849673202614379085,0.4005310457516339869281045752,1
corpora/manifesto_pp/61320_200411_pp_wostw.txt,0.5406527650422811,0.3339610797237915881983678594,0.6501360117179326218874241473,0.5517890772128060263653483992,1
corpora/manifesto_pp/61320_201211_pp_wostw.txt,0.4730546654780931,0.2888432095265097816841508364,0.6077402891976183725545789623,0.4544939041678480294868159909,1
corpora/manifesto_pp/61320_201611_pp_wostw.txt,0.3546608332486243,0.3332236842105263157894736842,0.60125,0.4471710526315789473684210526,1
corpora/manifesto_pp/61320_202011_pp_wostw.txt,0.34314581362818797,0.3589823266653719168770635075,0.6070693338512332491745970091,0.4874344532919013400660322393,1
corpora/manifesto_pp/61620_200411_pp_wostw.txt,0.6415860579874415,0.3143189254348200447735491648,0.6301016015154124332701911486,0.5917857757878422593421732392,1
corpora/manifesto_pp/61620_200811_pp_wostw.txt,0.5501053036790907,0.2902529302899444787168414559,0.5775755706354102405922270204,0.4211135101789019123997532387,1
corpora/manifesto_pp/61620_201211_pp_wostw.txt,0.46073892123202353,0.3313215138941280020118194392,0.5918521312712184081478687288,0.4232365145228215767634854772,1
corpora/manifesto_pp/61620_201611_pp_wostw.txt,0.42337293983041446,0.3510627681868077038219738549,0.5920067857499251571699431194,0.4442670392176429498054086419,0.9999501047799620796327711805
