file,nmi,pk,pk_rdm,wd,wd_rdm
corpora/manifesto_pp/61320_199211_pp_wostw.txt,0.18536365198844318,0.4343475597304472125791300796,0.5777006330406371247702675107,0.4753930978149887686338574638,1
corpora/manifesto_pp/61320_200411_pp_wostw.txt,0.10318505256814442,0.4093096234309623430962343096,0.6502092050209205020920502092,0.4624476987447698744769874477,1
corpora/manifesto_pp/61320_201211_pp_wostw.txt,0.06267848797564946,0.4565617913832199546485260771,0.6077806122448979591836734694,0.5627834467120181405895691610,1
corpora/manifesto_pp/61320_201611_pp_wostw.txt,0.07294128503850747,0.4117531058962729244724906330,0.6015250115033195293498981135,0.4300269506343259054755800960,1
corpora/manifesto_pp/61320_202011_pp_wostw.txt,0.05440310799274839,0.4295442234775206995279733808,0.6080631432329954344966339085,0.4928809100054166989089220769,1
corpora/manifesto_pp/61620_200411_pp_wostw.txt,0.0581051544610112,0.5665660051768766177739430544,0.6298101811906816220880069025,0.7833045729076790336496980155,1
corpora/manifesto_pp/61620_200811_pp_wostw.txt,0.061639235254608675,0.4128942700701781445207064086,0.5775429937533739492558031927,0.4442045191640317729621346495,1
corpora/manifesto_pp/61620_201211_pp_wostw.txt,0.12628538631272052,0.4227544910179640718562874251,0.5909864481563189410652379452,0.4363063346990230066183422628,1
corpora/manifesto_pp/61620_201611_pp_wostw.txt,0.06957853649678619,0.4073778664007976071784646062,0.5924227318045862412761714855,0.4254735792622133599202392822,1
