input_file,sim_tag,dist_opt,exch_opt,exch_range,alpha,beta,kappa,known_label,n_test,mean_nmi,ci95_nmi
61320_199211_pp.txt,w2v,max_minus,u,15,5,50,0.5,0,5,0.18355043382548605,0.02256280041391126
61320_200411_pp.txt,w2v,max_minus,u,15,5,50,0.5,0,5,0.17070563529348784,0.018851829887804854
61320_201211_pp.txt,w2v,max_minus,u,15,5,50,0.5,0,5,0.08149987278083488,0.01371630598991905
61320_201611_pp.txt,w2v,max_minus,u,15,5,50,0.5,0,5,0.07296194601358733,0.008030530736861365
61620_200411_pp.txt,w2v,max_minus,u,15,5,50,0.5,0,5,0.11835174607074843,0.010212220742055186
61620_200811_pp.txt,w2v,max_minus,u,15,5,50,0.5,0,5,0.08675215702307248,0.01420147517506838
61620_201211_pp.txt,w2v,max_minus,u,15,5,50,0.5,0,5,0.09476478973071514,0.009057841347825089
61620_201611_pp.txt,w2v,max_minus,u,15,5,50,0.5,0,5,0.07660522832654001,0.008109010848585197
