file,nmi,pk,pk_rdm,wd,wd_rdm
corpora/manifesto_pp/61320_199211_pp_wostw.txt,0.2936038681460505,0.3888094751888911578517459669,0.5777006330406371247702675107,0.4218909536450888298958546049,1
corpora/manifesto_pp/61320_200411_pp_wostw.txt,0.24317276009571423,0.4057531380753138075313807531,0.6502092050209205020920502092,0.4525104602510460251046025105,1
corpora/manifesto_pp/61320_201211_pp_wostw.txt,0.23664788155006247,0.4039115646258503401360544218,0.6077806122448979591836734694,0.4244614512471655328798185941,1
corpora/manifesto_pp/61320_201611_pp_wostw.txt,0.1909642626271453,0.4110300400972852165910734240,0.6015250115033195293498981135,0.4340366791559850128179846184,1
corpora/manifesto_pp/61320_202011_pp_wostw.txt,0.1918457937958468,0.4149578271299233924011452449,0.6080631432329954344966339085,0.4391395186876112357811653641,0.9999226185870153989011839356
corpora/manifesto_pp/61620_200411_pp_wostw.txt,0.25246313541408266,0.4259275237273511647972389991,0.6298101811906816220880069025,0.5448662640207075064710957722,1
corpora/manifesto_pp/61620_200811_pp_wostw.txt,0.17842790119443194,0.4405799336777974859258116758,0.5775429937533739492558031927,0.4635613480373255186241998920,1
corpora/manifesto_pp/61620_201211_pp_wostw.txt,0.26307741710177474,0.4075638197289631263788213048,0.5909864481563189410652379452,0.4252757642609517806492278601,1
corpora/manifesto_pp/61620_201611_pp_wostw.txt,0.21535418239826967,0.4036390827517447657028913260,0.5924227318045862412761714855,0.4214855433698903290129611167,1
