file,nmi,pk,pk_rdm,wd,wd_rdm
corpora/manifesto_pp/61320_199211_pp_wostw.txt,0.177745451120264,0.4243414335307331018991219114,0.5777006330406371247702675107,0.4559934653869716152746579538,1
corpora/manifesto_pp/61320_200411_pp_wostw.txt,0.09956274769904438,0.3950836820083682008368200837,0.6502092050209205020920502092,0.4662133891213389121338912134,1
corpora/manifesto_pp/61320_201211_pp_wostw.txt,0.04397317323055879,0.4467828798185941043083900227,0.6077806122448979591836734694,0.5673185941043083900226757370,1
corpora/manifesto_pp/61320_201611_pp_wostw.txt,0.042336684948901436,0.4196410964306842831788601854,0.6015250115033195293498981135,0.4883323473345165319134950371,1
corpora/manifesto_pp/61320_202011_pp_wostw.txt,0.020455930381152853,0.4833629962083107637545461580,0.6080631432329954344966339085,0.6301168459336067476592122572,1
corpora/manifesto_pp/61620_200411_pp_wostw.txt,0.04151820834831369,0.5611302847282139775668679896,0.6298101811906816220880069025,0.8130716134598792062122519413,1
corpora/manifesto_pp/61620_200811_pp_wostw.txt,0.06675851681810865,0.4062620498187707256882856482,0.5775429937533739492558031927,0.4783681653427932443896043804,1
corpora/manifesto_pp/61620_201211_pp_wostw.txt,0.026718595499731466,0.4229435865111881500157579578,0.5909864481563189410652379452,0.4523164197919949574535140246,1
corpora/manifesto_pp/61620_201611_pp_wostw.txt,0.031239221753776716,0.4152542372881355932203389831,0.5924227318045862412761714855,0.4372881355932203389830508475,1
