file,nmi,pk,pk_rdm,wd,wd_rdm
corpora/manifesto_pp/61320_199211_pp_wostw.txt,0.5103529177790068,0.3140698386767408617520931182,0.5777006330406371247702675107,0.3955482948744129058607310598,1
corpora/manifesto_pp/61320_200411_pp_wostw.txt,0.5932537091025324,0.2572175732217573221757322176,0.6502092050209205020920502092,0.3732217573221757322175732218,1
corpora/manifesto_pp/61320_201211_pp_wostw.txt,0.4122446599456328,0.3295776643990929705215419501,0.6077806122448979591836734694,0.3994472789115646258503401361,1
corpora/manifesto_pp/61320_201611_pp_wostw.txt,0.36014592061107464,0.3596266351147045290212318412,0.6015250115033195293498981135,0.4295668178531519095510418721,1
corpora/manifesto_pp/61320_202011_pp_wostw.txt,0.4166907937270577,0.3551806855993190435657355103,0.6080631432329954344966339085,0.4341097268436121643581211793,1
corpora/manifesto_pp/61620_200411_pp_wostw.txt,0.6518044927199166,0.2217428817946505608283002588,0.6298101811906816220880069025,0.4264452113891285591026747196,1
corpora/manifesto_pp/61620_200811_pp_wostw.txt,0.4277329060825019,0.3249787923189635227886172592,0.5775429937533739492558031927,0.4252332844914012493252101488,1
corpora/manifesto_pp/61620_201211_pp_wostw.txt,0.39827263011379804,0.3487551213362748187834856603,0.5909864481563189410652379452,0.4065553104317680428616451308,1
corpora/manifesto_pp/61620_201611_pp_wostw.txt,0.36083432033840845,0.3582253240279162512462612164,0.5924227318045862412761714855,0.4186939182452642073778664008,1
