file,nmi,pk,pk_rdm,wd,wd_rdm
corpora/manifesto_pp/61320_199211_pp_wostw.txt,0.5174350252429296,0.2385133755360424749846845007,0.5777006330406371247702675107,0.4065754543598121298754339391,1
corpora/manifesto_pp/61320_200411_pp_wostw.txt,0.6505963792267876,0.1701882845188284518828451883,0.6502092050209205020920502092,0.3322175732217573221757322176,1
corpora/manifesto_pp/61320_201211_pp_wostw.txt,0.4786701293480593,0.2694869614512471655328798186,0.6077806122448979591836734694,0.3915816326530612244897959184,1
corpora/manifesto_pp/61320_201611_pp_wostw.txt,0.42242856125024647,0.2972457766384013672516926313,0.6015250115033195293498981135,0.4245053572602379543811214093,1
corpora/manifesto_pp/61320_202011_pp_wostw.txt,0.4653187294782125,0.2782248703861332507931594831,0.6080631432329954344966339085,0.4141840130000773814129846011,1
corpora/manifesto_pp/61620_200411_pp_wostw.txt,0.7297493323538159,0.09961173425366695427092320966,0.6298101811906816220880069025,0.3544003451251078515962036238,1
corpora/manifesto_pp/61620_200811_pp_wostw.txt,0.4926171011875865,0.2509447057916248939615948176,0.5775429937533739492558031927,0.4100408729852703015346649186,1
corpora/manifesto_pp/61620_201211_pp_wostw.txt,0.46697991499628483,0.2768988339111251181846832650,0.5909864481563189410652379452,0.3884651749133312322722975102,1
corpora/manifesto_pp/61620_201611_pp_wostw.txt,0.4317356668661903,0.3043369890329012961116650050,0.5924227318045862412761714855,0.4188933200398803589232303091,1
